categoria,sottocategoria,domanda,risposta,tag,priorita
Azienda,Informazioni Generali,Chi è NexaTech Srl?,NexaTech Srl è un'azienda italiana fondata nel 2011 a Milano specializzata nella vendita di elettronica di consumo e accessori tecnologici. Opera sia online tramite il sito www.nexatech.it che attraverso 8 punti vendita fisici in tutta Italia.,azienda;storia;chi siamo,alta
Azienda,Informazioni Generali,Dove si trovano i negozi NexaTech?,I negozi NexaTech si trovano a: Milano (Via Torino 45 e Viale Monza 12) - Roma (Via del Corso 88) - Torino (Corso Francia 201) - Bologna (Via Indipendenza 34) - Firenze (Via Calzaiuoli 9) - Napoli (Via Toledo 156) - Bari (Corso Vittorio Emanuele 78).,negozi;punti vendita;sedi,alta
Azienda,Informazioni Generali,Quali sono gli orari del servizio clienti?,Il servizio clienti è disponibile dal lunedì al venerdì dalle 9:00 alle 18:00 e il sabato dalle 9:00 alle 13:00. Fuori dagli orari è possibile lasciare un messaggio via email a supporto@nexatech.it o tramite il form sul sito.,orari;supporto;contatti,alta
Azienda,Informazioni Generali,Come posso contattare NexaTech?,Puoi contattarci via email a supporto@nexatech.it - telefono al numero 02 8945 6700 - chat live sul sito (disponibile negli orari di apertura) - tramite i nostri social (Instagram @nexatech_it - Facebook /nexatechitalia).,contatti;email;telefono;social,alta
Azienda,Informazioni Generali,NexaTech ha un programma fedeltà?,Sì. Il programma NexaClub offre punti su ogni acquisto (1 punto ogni euro speso). I punti si accumulano e possono essere convertiti in buoni sconto: 100 punti = 1€ di sconto. Ci sono tre livelli: Silver (0-499 punti) - Gold (500-1499 punti) - Platinum (1500+ punti) con vantaggi crescenti.,fedeltà;nexaclub;punti;sconti,media
Azienda,Informazioni Generali,Cosa offre il livello Platinum di NexaClub?,Il livello Platinum offre: spedizione gratuita su tutti gli ordini - accesso prioritario al supporto clienti - inviti ad eventi esclusivi - sconti aggiuntivi del 5% su tutti i prodotti - assistenza tecnica telefonica dedicata.,nexaclub;platinum;vantaggi;fedeltà,media
Prodotti,Smartphone,Quali smartphone vendete?,NexaTech vende smartphone dei principali brand: Apple (iPhone 15 - 15 Plus - 15 Pro - 15 Pro Max) - Samsung (Galaxy S24 - S24+ - S24 Ultra - A55 - A35) - Google (Pixel 8 - Pixel 8 Pro) - Xiaomi (14 - 14 Pro - Redmi Note 13) - OnePlus (12 - Nord 3).,smartphone;brand;prodotti;catalogo,alta
Prodotti,Smartphone,Qual è il prezzo dell'iPhone 15 Pro?,L'iPhone 15 Pro è disponibile nei colori Titanio Nero - Titanio Bianco - Titanio Blu - Titanio Naturale con le seguenti configurazioni: 128GB a 1.299€ - 256GB a 1.429€ - 512GB a 1.679€ - 1TB a 1.929€. I prezzi si riferiscono alla versione italiana con garanzia Apple Italia.,iphone;apple;prezzo;smartphone,alta
Prodotti,Smartphone,Samsung Galaxy S24 Ultra è disponibile?,Sì. Il Samsung Galaxy S24 Ultra è disponibile in: Titanium Black - Titanium Gray - Titanium Violet - Titanium Yellow. Prezzi: 256GB a 1.349€ - 512GB a 1.569€. Include la S Pen integrata e garanzia Samsung Italia 24 mesi.,samsung;s24 ultra;prezzo;smartphone,alta
Prodotti,Smartphone,Vendete smartphone ricondizionati?,Sì. La linea NexaRenew propone smartphone ricondizionati certificati con garanzia 12 mesi. I dispositivi sono classificati in tre gradi: Grado A (come nuovo) - Grado B (leggeri segni di utilizzo) - Grado C (segni visibili ma funzionante al 100%). Tutti i prodotti vengono testati e ripristinati prima della vendita.,ricondizionato;usato;nexarenew;garanzia,alta
Prodotti,Laptop e PC,Quali laptop vendete?,Il catalogo laptop include: Apple MacBook Air M3 e MacBook Pro M3 - Dell XPS 13 e XPS 15 - HP Spectre x360 e Pavilion - Lenovo ThinkPad X1 Carbon e IdeaPad - ASUS ZenBook e ROG Strix - Acer Swift e Aspire. Per gaming sono disponibili MSI Titan e Raider.,laptop;notebook;computer;catalogo,alta
Prodotti,Laptop e PC,Qual è il prezzo del MacBook Air M3?,Il MacBook Air M3 è disponibile in: Mezzanotte - Galassia - Grigio siderale - Argento. Configurazioni: 8GB RAM / 256GB SSD a 1.299€ - 8GB RAM / 512GB SSD a 1.529€ - 16GB RAM / 512GB SSD a 1.779€ - 16GB RAM / 1TB SSD a 2.029€.,macbook;apple;laptop;prezzo,alta
Prodotti,Laptop e PC,Offrite laptop per gaming?,Sì. La sezione NexaGaming include laptop gaming con: ASUS ROG Strix G16 da 1.499€ - MSI Titan GT77 da 2.999€ - Lenovo Legion Pro 7 da 1.799€ - Razer Blade 15 da 2.699€. Tutti con schermi ad alta frequenza di aggiornamento e GPU NVIDIA RTX serie 40.,gaming;laptop;asus rog;msi,media
Prodotti,Tablet,Quali tablet sono disponibili?,Il catalogo tablet comprende: iPad (base) a 379€ - iPad Air M2 a 699€ - iPad Pro M4 11" a 1.099€ e 13" a 1.399€ - Samsung Galaxy Tab S9 a 799€ - Samsung Galaxy Tab S9 Ultra a 1.199€ - Lenovo Tab P12 Pro a 649€.,tablet;ipad;samsung;catalogo,alta
Prodotti,Audio,Quali cuffie wireless vendete?,Per le cuffie wireless over-ear top di gamma: Sony WH-1000XM5 a 349€ - Bose QuietComfort 45 a 279€ - Apple AirPods Max a 549€ - Jabra Evolve2 85 a 449€. Per cuffie in-ear: Apple AirPods Pro 2 a 249€ - Sony WF-1000XM5 a 279€ - Samsung Galaxy Buds2 Pro a 189€.,cuffie;audio;wireless;airpods,alta
Prodotti,Audio,Vendete speaker bluetooth?,Sì. Tra i più venduti: JBL Charge 5 a 179€ - Bose SoundLink Max a 349€ - Marshall Stanmore III a 399€ - Sony SRS-XB100 a 69€ - Ultimate Ears Hyperboom a 449€ - Bang & Olufsen Beosound A1 a 279€.,speaker;bluetooth;audio;jbl,media
Prodotti,Accessori,Quali caricatori vendono?,Offriamo caricatori di tutti i tipi: Apple MagSafe 15W a 45€ - Caricatori USB-C GaN 65W da 39€ - 100W da 59€ - Caricatori wireless Qi2 da 29€ - Powerbank Anker serie 633 da 49€ - Base di ricarica multipla da 69€.,caricatori;accessori;magsafe;usb-c,media
Prodotti,Accessori,Avete cover per smartphone?,Sì. Offriamo cover per tutti i modelli in catalogo: cover in silicone liquido da 19€ - cover in pelle premium da 39€ - cover con MagSafe compatibile da 29€ - cover antiurto rinforzata da 25€ - cover trasparente da 12€. Personalizzazione con incisione laser disponibile per +5€.,cover;accessori;smartphone;personalizzazione,media
Prodotti,Smart Home,Vendete prodotti smart home?,Sì. La sezione Smart Home include: Google Nest Hub 2a gen a 99€ - Amazon Echo Dot 5a gen a 59€ - Apple HomePod Mini a 109€ - Philips Hue Starter Kit a 89€ - Ring Video Doorbell 4 a 149€ - Nest Thermostat a 129€ - TP-Link Tapo Smart Plug a 14€.,smart home;google nest;amazon echo;philips hue,media
Prodotti,Fotografia,Vendete fotocamere?,Sì. Il catalogo include: Sony Alpha 7 IV a 2.699€ - Fujifilm X100VI a 1.699€ - Nikon Z5 II a 1.799€ - Canon EOS R8 a 1.499€ - GoPro Hero 12 a 349€ - DJI Osmo Action 4 a 299€. Disponibili anche obiettivi e accessori.,fotocamere;sony;fujifilm;fotografia,media
Ordini,Effettuare un Ordine,Come posso effettuare un ordine?,Puoi ordinare in 3 modi: 1) Online su www.nexatech.it - registrati o acquista come ospite - aggiungi al carrello - scegli spedizione e pagamento. 2) Telefono al 02 8945 6700 (lun-ven 9-18). 3) In uno dei nostri 8 negozi fisici.,ordine;acquisto;come ordinare,alta
Ordini,Effettuare un Ordine,Posso ordinare senza registrarmi?,Sì. È possibile acquistare come ospite inserendo solo email e dati di spedizione. Ti consigliamo però di registrarti per monitorare gli ordini - accumulare punti NexaClub - salvare indirizzi e metodi di pagamento.,registrazione;account;ospite,media
Ordini,Effettuare un Ordine,Posso modificare un ordine già effettuato?,Un ordine può essere modificato solo entro 30 minuti dal suo inserimento e se non è ancora stato preso in carico dal magazzino. Contatta subito il supporto al 02 8945 6700 o via chat. Dopo la presa in carico non è più possibile modificarlo.,modifica ordine;cancellazione;urgente,alta
Ordini,Effettuare un Ordine,Posso annullare un ordine?,Puoi annullare l'ordine entro 1 ora dall'acquisto se non è ancora in lavorazione. Dopo la spedizione non è possibile annullarlo ma puoi avviare il reso alla ricezione del pacco. Contattaci al più presto al 02 8945 6700.,cancellazione;annullamento;ordine,alta
Ordini,Tracking,Come traccio il mio ordine?,Dopo la spedizione ricevi una email con il numero di tracking. Puoi seguire il pacco su: il sito del corriere (GLS - BRT o DHL a seconda del metodo scelto) - nella tua area personale su nexatech.it nella sezione "I miei ordini" - tramite il link nell'email di conferma spedizione.,tracking;spedizione;corriere,alta
Ordini,Tracking,In quanto tempo arriva il mio ordine?,Spedizione Standard (gratuita sopra 49€): 3-5 giorni lavorativi. Spedizione Express (5.99€): 1-2 giorni lavorativi. Spedizione Same Day (9.99€ - disponibile solo a Milano): entro le 23:59 se ordinato entro le 14:00. I tempi non includono il sabato e la domenica.,tempi consegna;spedizione;express,alta
Ordini,Tracking,Il mio ordine è in ritardo. Cosa faccio?,Se l'ordine supera i tempi previsti contattaci con il tuo numero d'ordine. Verifichiamo lo stato presso il corriere entro 24 ore e ti aggiorniamo. In caso di smarrimento avviamo procedura di rimborso o rispedizione entro 5 giorni lavorativi.,ritardo;smarrimento;rimborso,alta
Ordini,Tracking,Cosa significa "ordine in attesa di disponibilità"?,Significa che uno o più prodotti del tuo ordine sono temporaneamente non disponibili in magazzino. Ti invieremo una email appena il prodotto è disponibile. Puoi anche scegliere di ricevere i prodotti disponibili subito e attendere gli altri o ottenere il rimborso.,disponibilità;magazzino;attesa,media
Pagamenti,Metodi di Pagamento,Quali metodi di pagamento accettate?,Accettiamo: Carte di credito/debito (Visa - Mastercard - American Express) - PayPal - Klarna (3 rate senza interessi) - Scalapay (3 rate) - Bonifico bancario (solo per ordini superiori a 500€ - spedizione dopo accredito) - Contrassegno (+3€) - Apple Pay e Google Pay.,pagamento;carta;paypal;klarna,alta
Pagamenti,Metodi di Pagamento,Klarna è disponibile per tutti gli ordini?,Klarna in 3 rate senza interessi è disponibile per ordini tra 35€ e 1.500€. Per ordini superiori è disponibile Klarna Financing con piani da 6 a 36 mesi con tasso di interesse variabile. Soggetto ad approvazione creditizia.,klarna;rate;finanziamento;pagamento,media
Pagamenti,Metodi di Pagamento,Come funziona il pagamento con Scalapay?,Scalapay divide il totale in 3 rate uguali. La prima viene addebitata al momento dell'acquisto le altre due ogni 2 settimane. Disponibile per ordini tra 5€ e 2.000€. Nessun interesse se le rate vengono pagate in tempo.,scalapay;rate;pagamento,media
Pagamenti,Fatturazione,Posso richiedere la fattura elettronica?,Sì. Durante il checkout seleziona "Acquisto aziendale" e inserisci Ragione Sociale - P.IVA - Codice SDI o PEC. La fattura elettronica viene emessa e inviata al tuo SDI entro 24 ore dall'ordine.,fattura;p.iva;azienda;sdi,alta
Pagamenti,Fatturazione,Ho diritto a sconti per acquisti aziendali?,Le aziende con partita IVA che effettuano acquisti ricorrenti possono accedere al programma NexaBusiness con sconti dal 5% al 15% a seconda del volume annuo. Contattare il team commerciale a business@nexatech.it.,business;aziendale;sconti;partita iva,media
Pagamenti,Sicurezza,I miei dati di pagamento sono sicuri?,Sì. NexaTech utilizza protocollo SSL/TLS per la crittografia dei dati. Non conserviamo i dati della carta sul nostro server - tutto viene gestito da Stripe (certificato PCI DSS Level 1). Inoltre è disponibile l'autenticazione 3D Secure.,sicurezza;pagamento;ssl;pci dss,media
Spedizioni,Costi e Tempi,Qual è il costo di spedizione?,Spedizione Standard: gratuita per ordini sopra 49€ - 3.99€ sotto i 49€ (3-5 giorni lavorativi). Spedizione Express: 5.99€ (1-2 giorni lavorativi). Same Day Milano: 9.99€ (solo Milano - ordini entro le 14:00). Ritiro in negozio: gratuito.,spedizione;costi;standard;express,alta
Spedizioni,Costi e Tempi,Fate spedizioni all'estero?,Sì. Spediamo in tutta Europa. Costi indicativi: Europa Zona 1 (Francia - Germania - Spagna - Austria - Svizzera): 12.99€ - 5-8 giorni. Europa Zona 2 (altri paesi UE): 16.99€ - 7-12 giorni. Non spediamo extra-UE. Dazi e tasse locali a carico del destinatario.,estero;europa;internazionale;spedizione,media
Spedizioni,Corrieri,Quali corrieri utilizzate?,Utilizziamo: GLS per spedizioni standard in Italia - BRT (Bartolini) per spedizioni express - DHL Express per spedizioni internazionali - Amazon Logistics per alcune zone. Il corriere viene selezionato automaticamente in base all'indirizzo e al metodo di spedizione scelto.,gls;brt;dhl;corrieri,media
Spedizioni,Consegna,Cosa succede se non sono a casa alla consegna?,Il corriere effettua un secondo tentativo il giorno lavorativo successivo. Se anche questo fallisce il pacco viene depositato al punto di ritiro più vicino per 5 giorni lavorativi. Riceverai un avviso via SMS e email con l'indirizzo del punto di ritiro.,consegna;assente;punto ritiro,alta
Spedizioni,Consegna,Posso scegliere il giorno di consegna?,Per le spedizioni Express è possibile scegliere il giorno di consegna preferito tra quelli disponibili direttamente sulla pagina di tracking del corriere. Per le spedizioni Standard non è possibile scegliere il giorno.,consegna;giorno;orario;express,media
Resi e Rimborsi,Politica Resi,Qual è la politica di reso?,Accettiamo resi entro 30 giorni dalla consegna per qualsiasi motivo (diritto di recesso esteso - la legge prevede 14 giorni). Il prodotto deve essere nelle condizioni originali con imballo completo e accessori inclusi. Alcuni prodotti sono esclusi (software - contenuti digitali - prodotti personalizzati).,reso;rimborso;30 giorni;recesso,alta
Resi e Rimborsi,Procedura Reso,Come avvio un reso?,Per avviare un reso: 1) Accedi all'area personale su nexatech.it - sezione "I miei ordini". 2) Seleziona il prodotto da rendere e il motivo. 3) Stampa l'etichetta prepagata ricevuta via email. 4) Consegna il pacco al punto GLS più vicino entro 7 giorni.,reso;procedura;etichetta;come fare,alta
Resi e Rimborsi,Procedura Reso,Il reso è gratuito?,Il reso è gratuito se il prodotto è difettoso o non conforme. Per recesso (cambio idea) il costo di spedizione del reso è a carico del cliente: 5.99€ per prodotti fino a 5kg - 9.99€ per prodotti oltre 5kg. I clienti Platinum NexaClub hanno il reso gratuito.,reso;costi;gratuito;spedizione reso,alta
Resi e Rimborsi,Rimborsi,In quanto tempo ricevo il rimborso?,Il rimborso viene elaborato entro 3-5 giorni lavorativi dalla ricezione del reso in magazzino. I tempi di accredito dipendono dal metodo di pagamento: carta di credito/debito 5-10 giorni lavorativi - PayPal entro 24 ore - Klarna/Scalapay 3-5 giorni lavorativi.,rimborso;tempi;pagamento;accredito,alta
Resi e Rimborsi,Rimborsi,Posso ricevere un buono invece del rimborso?,Sì. Puoi scegliere di ricevere un buono sconto NexaTech del valore del reso con un bonus extra del 5%. Ad esempio per un reso da 100€ ricevi un buono da 105€ invece del rimborso in denaro. Il buono è valido 12 mesi.,buono;voucher;rimborso alternativo,media
Resi e Rimborsi,Prodotti Difettosi,Ho ricevuto un prodotto difettoso. Cosa faccio?,Contattaci entro 48 ore dalla consegna con foto/video del difetto a supporto@nexatech.it. Provvederemo a: sostituzione immediata con spedizione prioritaria - oppure rimborso completo. Le spese di spedizione sono completamente a nostro carico.,difettoso;rotto;sostituzione;rimborso,alta
Resi e Rimborsi,Prodotti Difettosi,Ho ricevuto il prodotto sbagliato.,Se hai ricevuto un prodotto diverso da quello ordinato contattaci entro 48 ore con foto del prodotto ricevuto e dell'imballo a supporto@nexatech.it. Invieremo il prodotto corretto con spedizione express prioritaria senza costi aggiuntivi.,prodotto sbagliato;errore;sostituzione,alta
Garanzia,Garanzia Legale,Quanto dura la garanzia legale?,In Italia la garanzia legale del venditore è di 24 mesi per i consumatori privati. NexaTech offre supporto diretto per i difetti di conformità che si manifestano entro 24 mesi dall'acquisto senza costi per il cliente.,garanzia;24 mesi;legale;difetto,alta
Garanzia,Garanzia Produttore,Come funziona la garanzia del produttore?,Ogni prodotto viene venduto con la garanzia ufficiale del produttore (esempio: Apple Care 1 anno - Samsung 24 mesi - Sony 24 mesi). NexaTech può fare da intermediario per l'assistenza in garanzia oppure puoi rivolgerti direttamente ai centri assistenza autorizzati del brand.,garanzia produttore;apple;samsung;assistenza,alta
Garanzia,Garanzia Estesa,Offrite garanzie estese?,Sì. NexaProtect è la nostra garanzia estesa disponibile al momento dell'acquisto: NexaProtect 1 anno (da 39€) - NexaProtect 2 anni (da 69€) - NexaProtect 3 anni (da 99€). Copre difetti hardware e per alcuni piani anche danni accidentali. Acquistabile entro 30 giorni dall'acquisto del prodotto.,nexaprotect;garanzia estesa;assicurazione,alta
Garanzia,Assistenza,Come richiedo assistenza in garanzia?,Per assistenza in garanzia: 1) Contatta il supporto via email con numero ordine e descrizione del problema. 2) Il tecnico ti guida per diagnosi remota. 3) Se necessaria riparazione ritiriamo il prodotto con corriere gratuito. 4) Riparazione o sostituzione entro 10 giorni lavorativi.,assistenza;garanzia;riparazione;tecnico,alta
Garanzia,Assistenza,Avete un servizio di riparazione?,Sì. NexaRepair è il servizio di riparazione disponibile per prodotti fuori garanzia. Il preventivo è gratuito: portare il dispositivo in uno dei nostri negozi o spedirlo con l'apposito modulo sul sito. Tempi medi di riparazione: 3-7 giorni lavorativi. Garanzia 6 mesi sulla riparazione.,riparazione;nexarepair;assistenza tecnica,media
Account,Registrazione,Come mi registro?,Vai su nexatech.it - clicca su "Accedi/Registrati" in alto a destra - seleziona "Crea account". Inserisci nome - cognome - email e password. Ricevi email di conferma e clicca il link di attivazione. La registrazione è gratuita e attiva automaticamente il tuo profilo NexaClub Silver.,registrazione;account;crea account,media
Account,Password,Ho dimenticato la password.,Vai su nexatech.it e clicca su "Accedi". Seleziona "Password dimenticata?". Inserisci la tua email e riceverai un link per reimpostare la password entro pochi minuti. Il link è valido per 24 ore. Controlla anche la cartella spam.,password;accesso;reset;dimenticata,alta
Account,Privacy,Come elimino il mio account?,Per eliminare l'account invia una richiesta a privacy@nexatech.it indicando email e numero cliente. L'eliminazione avviene entro 30 giorni nel rispetto del GDPR. Nota: l'eliminazione è irreversibile e comporta la perdita di punti NexaClub e cronologia ordini.,eliminazione account;gdpr;privacy,media
Account,Privacy,Come esercito i miei diritti GDPR?,Puoi esercitare i diritti di accesso - rettifica - cancellazione - portabilità e opposizione inviando richiesta a privacy@nexatech.it. Il Responsabile della Protezione dei Dati (DPO) è raggiungibile a dpo@nexatech.it. Risponderemo entro 30 giorni.,gdpr;privacy;dati personali;diritti,media
Promozioni,Sconti,Come posso sapere delle promozioni in corso?,Le promozioni sono visibili: nella sezione "Offerte" del sito - tramite newsletter (iscriviti in fondo al sito) - sui nostri social Instagram e Facebook - tramite l'app NexaTech (disponibile su App Store e Google Play).,promozioni;offerte;sconti;newsletter,media
Promozioni,Codici Sconto,Ho un codice sconto. Come lo utilizzo?,Nel carrello trovi il campo "Codice promozionale" prima del riepilogo del pagamento. Inserisci il codice e clicca "Applica". Lo sconto viene applicato immediatamente. Non è possibile combinare più codici sconto sullo stesso ordine.,codice sconto;coupon;promo code,alta
Promozioni,Codici Sconto,Il mio codice sconto non funziona.,Verifica che: il codice non sia scaduto - rispetti le condizioni (importo minimo - prodotti inclusi) - sia scritto correttamente senza spazi - non sia già stato utilizzato (monouso). Se il problema persiste contattaci a supporto@nexatech.it allegando uno screenshot dell'errore.,codice sconto;errore;problema,alta
Promozioni,Black Friday,Fate sconti per il Black Friday?,Sì. NexaTech partecipa ogni anno al Black Friday con sconti fino al 40% su migliaia di prodotti. Le offerte iniziano il giovedì precedente (NexaThursday) e durano fino al Cyber Monday. I clienti Platinum NexaClub hanno accesso anticipato alle offerte dalle 8:00 del mercoledì.,black friday;cyber monday;sconti,media
Promozioni,Black Friday,Posso prenotare un prodotto prima delle offerte Black Friday?,Sì. Il servizio "NexaAlert" permette di attivare una notifica per un prodotto specifico. Quando il prodotto va in offerta ricevi un'email o notifica push. Non garantisce la disponibilità ma ti avvisa immediatamente.,prenotazione;notifica;black friday;alert,media
App e Sito,App Mobile,C'è un'app NexaTech?,Sì. L'app NexaTech è disponibile su App Store (iOS 15 o superiore) e Google Play (Android 8 o superiore). Permette di: sfogliare il catalogo - gestire ordini - accedere al NexaClub - ricevere offerte personalizzate - usare la funzione di scansione barcode per confrontare prezzi in negozio.,app;mobile;ios;android,media
App e Sito,Sito Web,Perché non riesco ad accedere al sito?,Se hai problemi ad accedere a nexatech.it prova: svuotare la cache del browser - provare con un browser diverso - disabilitare estensioni o VPN - verificare lo stato del sito su status.nexatech.it. Se il problema persiste contattaci indicando browser e sistema operativo.,sito web;accesso;problemi tecnici,media
App e Sito,Sito Web,Il sito è sicuro per i pagamenti?,Sì. Il sito utilizza certificato SSL/TLS con crittografia a 256 bit (HTTPS). Cerchia verde o lucchetto nella barra del browser indicano connessione sicura. PCI DSS compliant per i pagamenti con carta.,sicurezza;https;ssl;pagamento sicuro,media
Prodotti,Disponibilità,Come posso sapere se un prodotto è disponibile?,La disponibilità è indicata in tempo reale sulla scheda prodotto: "Disponibile" (in magazzino) - "Disponibile in 2-5 giorni" (in arrivo) - "Esaurito" (non disponibile - possibile pre-ordine). Puoi attivare notifica di disponibilità per i prodotti esauriti.,disponibilità;stock;magazzino,alta
Prodotti,Disponibilità,Posso effettuare un pre-ordine?,Sì. Per i prodotti in arrivo o non ancora disponibili puoi effettuare un pre-ordine. L'importo viene addebitato solo alla spedizione. I pre-ordini hanno priorità di spedizione. Puoi annullare il pre-ordine in qualsiasi momento prima della spedizione.,preordine;pre-order;disponibilità,media
Prodotti,Confronto,Come posso confrontare più prodotti?,Sul sito è disponibile la funzione "Confronta": dalla lista prodotti clicca "Aggiungi al confronto" su massimo 4 prodotti. Poi clicca "Confronta" in basso per vedere una tabella comparativa con tutte le specifiche tecniche affiancate.,confronto;comparazione;prodotti,media
Prodotti,Schede Tecniche,Dove trovo le specifiche tecniche di un prodotto?,Le specifiche tecniche complete sono nella scheda prodotto nella sezione "Specifiche" o "Scheda tecnica". Puoi anche scaricare il PDF del manuale utente dalla sezione "Download" della stessa pagina. Per prodotti Apple le specifiche complete sono su apple.com.,specifiche;scheda tecnica;manuale,media
Prodotti,Recensioni,Le recensioni sono verificate?,Sì. NexaTech pubblica solo recensioni di clienti che hanno acquistato e ricevuto il prodotto. Le recensioni vengono moderate per rilevare contenuti inappropriati ma non vengono filtrate per valutazione. La valutazione media è calcolata su tutte le recensioni.,recensioni;opinioni;verificate;feedback,bassa
Assistenza Tecnica,Supporto,Offrite supporto tecnico post-vendita?,Sì. Il supporto tecnico base è incluso per tutti i clienti: email a supporto@nexatech.it - chat live sul sito. Il supporto telefonico dedicato è riservato ai clienti Gold e Platinum NexaClub e a chi ha acquistato NexaProtect.,supporto tecnico;assistenza;post-vendita,alta
Assistenza Tecnica,Configurazione,Offrite servizi di configurazione?,Sì. Il servizio NexaSetup include: configurazione di smartphone (migrazione dati inclusa) da 29€ - setup laptop (installazione software e aggiornamenti) da 39€ - installazione smart home da 49€. Disponibile nei negozi fisici o con tecnico a domicilio (Milano - Roma - Torino).,configurazione;setup;nexasetup;installazione,media
Assistenza Tecnica,Problemi Comuni,Come ripristino il mio smartphone?,Per ripristino alle impostazioni di fabbrica: iPhone (Impostazioni > Generali > Trasferisci o Ripristina iPhone > Cancella contenuto e impostazioni) - Android Samsung (Impostazioni > Gestione generale > Ripristina > Ripristino dati di fabbrica). Ricordati di fare un backup prima del ripristino.,ripristino;reset;smartphone;backup,media
Assistenza Tecnica,Problemi Comuni,Il laptop non si accende. Cosa faccio?,Prova: 1) Collega il caricatore e attendi 10 minuti. 2) Tieni premuto il pulsante di accensione per 10 secondi. 3) Per MacBook tieni premuto Command+Control+Power. Se non si risolve contattaci - potrebbe essere necessaria assistenza in garanzia.,laptop;non si accende;problema;assistenza,alta
Ordini,Ordini Aziendali,Fate ordini all'ingrosso per aziende?,Sì. Il team NexaBusiness gestisce ordini aziendali con: sconti volume personalizzati - fatturazione centralizzata - consegna programmata - assistenza dedicata - possibilità di personalizzazione dispositivi (incisione logo aziendale). Contattare business@nexatech.it.,ingrosso;aziendale;b2b;nexabusiness,media
Ordini,Ordini Aziendali,Qual è l'ordine minimo per sconti aziendali?,Gli sconti aziendali si applicano da 5 unità dello stesso prodotto (5% sconto) con progressione: 10-19 unità 8% - 20-49 unità 12% - 50+ unità 15-20% (negoziabile). Per accordi quadro annuali condizioni personalizzate.,sconti aziendali;volume;b2b,media
Prodotti,Garanzia Apple,Come funziona la garanzia Apple su prodotti acquistati da NexaTech?,I prodotti Apple acquistati da NexaTech sono prodotti originali italiani con garanzia Apple Italia di 12 mesi. Puoi estendere con AppleCare+ direttamente da Apple entro 60 giorni dall'acquisto. NexaTech è rivenditore Apple Authorized Reseller.,apple;garanzia apple;authorized reseller,alta
Prodotti,Garanzia Samsung,Come funziona la garanzia Samsung?,I prodotti Samsung hanno garanzia ufficiale Samsung Italia di 24 mesi. In caso di guasto puoi portare il dispositivo in un Samsung Service Center (lista su samsung.com/it) oppure contattare NexaTech che fa da intermediario nella gestione della pratica.,samsung;garanzia;assistenza,alta
Spedizioni,Imballo,Come vengono imballati i prodotti?,Tutti i prodotti vengono imballati con materiale protettivo adeguato. Per prodotti fragili usiamo polistirolo e doppio imballo. Packaging eco-friendly certificato FSC per il 90% dei materiali. I prodotti tecnologici vengono avvolti in bolla d'aria e imbustati individualmente.,imballo;packaging;eco;spedizione,bassa
Spedizioni,Tracking,Non ho ricevuto l'email di tracking.,Controlla la cartella spam o posta indesiderata. L'email di tracking viene inviata dal corriere (non da NexaTech) entro 24 ore dalla spedizione. In alternativa accedi alla tua area personale su nexatech.it nella sezione "I miei ordini" per trovare il tracking.,tracking;email;spam;spedizione,media
Resi e Rimborsi,Reso Internazionale,Come funziona il reso per ordini esteri?,Per ordini spediti in Europa: avvia il reso dall'area personale - ricevi etichetta prepagata entro 24h - consegna al corriere locale convenzionato. I costi di reso per recesso dall'estero variano da 9.99€ a 19.99€ in base al paese.,reso;estero;internazionale;europa,media
Promozioni,Newsletter,Come mi iscrivo alla newsletter?,Vai in fondo a qualsiasi pagina di nexatech.it e inserisci la tua email nel campo "Iscriviti alle offerte". Ricevi subito un codice sconto del 10% sul primo acquisto. Puoi disiscriverti in qualsiasi momento cliccando il link in fondo a ogni email.,newsletter;iscrizione;email marketing;sconto,media
Promozioni,Referral,Esiste un programma referral?,Sì. Con NexaRefer puoi invitare amici: condividi il tuo codice personale (trovalo nell'area personale). Quando l'amico effettua il primo acquisto sopra 50€ lui riceve 10€ di sconto e tu ricevi 10€ in punti NexaClub. Non ci sono limiti al numero di inviti.,referral;invita amici;nexarefer;sconto,bassa
Account,Ordini,Dove vedo la cronologia dei miei ordini?,Accedi al tuo account su nexatech.it e vai nella sezione "Il mio account" > "I miei ordini". Trovi tutti gli ordini con: data - stato - totale - prodotti - tracking. Puoi anche scaricare la fattura o avviare un reso da questa sezione.,cronologia ordini;storico;account,media
Prodotti,Bundle,Offrite bundle o kit?,Sì. Nella sezione "Bundle" trovi combinazioni preconfezionate con sconti fino al 20%: Starter Kit iPhone (iPhone + cover + caricatore GaN) - Gaming Bundle (laptop + cuffie gaming + mouse) - Smart Home Starter Pack e altri. Puoi anche creare bundle personalizzati aggiungendo prodotti compatibili al carrello.,bundle;kit;combinazione;sconto,media
Prodotti,Trade-In,Posso portare il mio vecchio dispositivo?,Sì. Il programma NexaTrade-In permette di portare il tuo vecchio smartphone o laptop e ricevere un buono sconto per l'acquisto del nuovo. La valutazione avviene: online tramite il tool sul sito (valutazione istantanea) o in negozio. Il buono è valido 30 giorni.,trade-in;usato;valutazione;scambio,media
Prodotti,Trade-In,Come viene valutato il mio dispositivo?,La valutazione considera: modello e anno - condizioni estetiche (nessun danno - graffi lievi - danni evidenti) - funzionamento (tutto funzionante - problemi minori - non funzionante) - capacità di memoria. La valutazione online è indicativa - quella in negozio è definitiva.,trade-in;valutazione;usato,media
Assistenza Tecnica,Dati Personali,Come recupero i dati prima di rendere un dispositivo?,Prima di restituire un dispositivo per reso o trade-in: esegui backup completo (iCloud per iPhone - Google Drive per Android - Time Machine per Mac) - effettua disconnessione da tutti gli account - esegui ripristino alle impostazioni di fabbrica. NexaTech non è responsabile per dati non cancellati o recuperati.,dati;backup;privacy;trade-in,alta
Spedizioni,Ritiro in Negozio,Come funziona il ritiro in negozio (Click & Collect)?,Seleziona "Ritira in negozio" al checkout - scegli il negozio preferito - completa l'acquisto. Ricevi email quando il prodotto è pronto (di solito entro 2 ore se disponibile in quel punto vendita - altrimenti 1-3 giorni). Porta documento d'identità e codice ordine.,click and collect;ritiro;negozio;store pickup,alta
Spedizioni,Ritiro in Negozio,Per quanto tempo viene tenuto il prodotto in negozio?,Il prodotto viene tenuto in negozio per 5 giorni lavorativi. Dopo questo periodo l'ordine viene annullato e il rimborso erogato entro 5 giorni lavorativi. Puoi richiedere una proroga contattando direttamente il negozio.,ritiro;scadenza;negozio,media
Prodotti,Compatibilità,Come verifico la compatibilità di un accessorio?,Nella scheda di ogni accessorio è indicata la compatibilità con i modelli supportati. Puoi anche usare il filtro "Compatibile con" nella categoria accessori inserendo il tuo modello. Per dubbi contattaci via chat: risponderemo entro 5 minuti.,compatibilità;accessori;filtro,media
Ordini,Fattura,Come scarico la mia fattura?,Le fatture sono disponibili nell'area personale in "I miei ordini" > seleziona l'ordine > "Scarica fattura" (PDF). Le fatture vengono emesse entro 24 ore dall'ordine. Per la fattura elettronica B2B controlla il tuo SDI o cassetto fiscale.,fattura;download;area personale,media
Garanzia,NexaProtect,Cosa copre NexaProtect?,NexaProtect Standard copre tutti i difetti hardware non coperti dalla garanzia legale (esempio: guasto batteria oltre il primo anno). NexaProtect Premium copre anche: danni accidentali (cadute - liquidi) - schermo rotto - furto con effrazione (con denuncia). Massimale 2 interventi/anno.,nexaprotect;garanzia estesa;copertura;danni,alta
Garanzia,NexaProtect,Posso acquistare NexaProtect dopo l'acquisto del prodotto?,Sì ma solo entro 30 giorni dalla data di acquisto del prodotto. Dopo tale termine non è più possibile attivare NexaProtect. Il costo varia in base al valore del prodotto: da 39€ per prodotti fino a 299€ fino a 199€ per prodotti oltre 1.500€.,nexaprotect;acquisto;attivazione;termine,alta
Prodotti,Prodotti Apple,Siete un rivenditore Apple autorizzato?,Sì. NexaTech è Apple Authorized Reseller. Questo significa che tutti i prodotti Apple venduti sono originali con garanzia Apple Italia - accessori MFi certificati e possibilità di usufruire di Apple Trade In e di accedere all'assistenza Apple.,apple;authorized reseller;originale;garanzia,alta
Prodotti,Prodotti Samsung,Siete un partner Samsung?,Sì. NexaTech è Samsung Premium Partner. Tutti i prodotti Samsung sono originali con garanzia Samsung Italia. Nei negozi NexaTech è presente uno spazio Samsung Experience per provare i prodotti.,samsung;partner;premium;experience store,media
Azienda,Sostenibilità,NexaTech ha politiche di sostenibilità?,Sì. NexaTech ha lanciato NexaGreen: imballi 100% riciclabili entro 2025 - programma raccolta RAEE gratuita nei negozi - selezione di prodotti certificati Energy Star - compensazione carbonio per le spedizioni tramite partnership con ForestFi.,sostenibilità;ambiente;raee;green,bassa
Azienda,Sostenibilità,Come faccio a smaltire il mio vecchio dispositivo?,Puoi portare qualsiasi dispositivo elettronico nei nostri negozi per il ritiro RAEE gratuito (anche se non acquistato da NexaTech). Lo smaltimento avviene tramite partner certificati. Con il ritiro RAEE hai diritto a un buono sconto da 5€ sul prossimo acquisto.,raee;smaltimento;riciclo;ecologia,bassa
Prodotti,Nuovi Arrivi,Come posso restare aggiornato sui nuovi prodotti?,Puoi: iscriverti alla newsletter - seguire i nostri social - attivare le notifiche sull'app NexaTech - visitare la sezione "Novità" sul sito aggiornata ogni settimana. Per le grandi novità (nuovi iPhone - Samsung S series) attiviamo pagine dedicate con countdown al lancio.,nuovi prodotti;novità;lancio;notifiche,bassa
Ordini,Regali,Offrite confezioni regalo?,Sì. Il servizio NexaGift include: confezione regalo premium con carta velina da 4.99€ - bigliettino personalizzato gratuito - possibilità di scegliere data di consegna per regali programmati - spedizione diretta al destinatario con mittente anonimo (senza prezzi nel documento).,regalo;confezione;gift;personalizzato,media
Ordini,Regali,Posso acquistare una gift card NexaTech?,Sì. Le gift card NexaTech sono disponibili in tagli da 25€ - 50€ - 100€ - 150€ - 250€ - 500€. Acquistabili online (consegna via email entro 1 ora) o nei negozi fisici (gift card fisica). Validità 24 mesi. Utilizzabili su tutto il catalogo anche più volte fino ad esaurimento del credito.,gift card;buono regalo;credito,media
Assistenza Tecnica,Virus e Sicurezza,Offrite servizi di protezione contro virus?,Sì. NexaTech propone abbonamenti antivirus: Norton 360 (1 dispositivo da 29.99€/anno - 5 dispositivi da 49.99€/anno) - Kaspersky Total Security - Bitdefender Total Security. Per Mac e iPhone non è necessario un antivirus ma consigliamo l'uso di un password manager.,antivirus;sicurezza;norton;bitdefender,media
Prodotti,Wearable,Vendete smartwatch e wearable?,Sì. Il catalogo wearable include: Apple Watch Series 9 (da 429€) e Ultra 2 (da 799€) - Samsung Galaxy Watch6 (da 299€) - Garmin Fenix 7 (da 699€) - Fitbit Sense 2 (da 279€) - Xiaomi Smart Band 8 (da 49€) - Amazfit GTR 4 (da 129€).,smartwatch;wearable;apple watch;samsung,media
Prodotti,Gaming,Vendete console da gioco?,Sì. Vendiamo: PlayStation 5 Standard a 549€ e Digital Edition a 449€ - Xbox Series X a 499€ e Series S a 299€ - Nintendo Switch OLED a 339€. Disponibili anche giochi fisici - controller aggiuntivi - abbonamenti PlayStation Plus e Xbox Game Pass.,console;gaming;ps5;xbox;nintendo,alta
Prodotti,Gaming,Avete accessori gaming?,Sì. La sezione Gaming include: controller wireless (DualSense - Xbox Elite Series 2) - cuffie gaming (SteelSeries Arctis Nova - Razer BlackShark) - monitor gaming (fino a 360Hz) - sedie gaming (Herman Miller x Logitech - noblechairs) - streaming deck - capture card.,gaming;accessori;controller;cuffie gaming,media
Ordini,Problemi,Non ho ricevuto la conferma d'ordine.,La conferma d'ordine viene inviata immediatamente dopo l'acquisto. Controlla la cartella spam. Se non la trovi entro 30 minuti verifica: che il pagamento sia andato a buon fine nel tuo estratto conto o PayPal - accedi all'area personale per verificare se l'ordine è presente. Contattaci con l'email usata per l'acquisto.,conferma ordine;email;spam;problema,alta
Ordini,Problemi,Il mio pagamento è stato rifiutato.,I pagamenti vengono rifiutati per: fondi insufficienti - carta scaduta - blocco dell'istituto bancario - dati inseriti errati. Prova: verificare i dati della carta - contattare la banca per sblocchi - usare un metodo di pagamento alternativo (PayPal - Apple Pay). Il carrello rimane salvato.,pagamento rifiutato;errore pagamento;carta;problema,alta
Promozioni,Studenti,Fate sconti studenti?,Sì. Il programma NexaStudent offre sconti extra del 5% su tutta la tecnologia per gli studenti universitari verificati tramite ISIC (International Student Identity Card) o email universitaria (.edu o istituzionale). Attivabile nell'area personale nella sezione "Verifiche speciali".,studenti;sconto studenti;università;isic,media
Promozioni,Over 65,Offrite sconti per senior?,Sì. Il programma NexaSenior offre: sconto del 5% su tutto - spedizione gratuita senza soglia minima - supporto telefonico dedicato - possibilità di prenotare sessioni di formazione tecnologica gratuita nei negozi. Disponibile per chi ha 65 anni o più (verifica con documento d'identità).,senior;anziani;65 anni;sconto,bassa
Azienda,Lavora con Noi,Come posso candidarmi per lavorare in NexaTech?,Le posizioni aperte sono sul sito nella sezione "Lavora con noi" (nexatech.it/careers). Puoi candidarti online inviando CV e lettera motivazionale. NexaTech offre: ambiente dinamico - formazione continua - welfare aziendale - smart working ibrido per le posizioni in sede.,lavoro;carriere;candidatura;assunzione,bassa
Azienda,Partner,Diventate partner di NexaTech?,NexaTech collabora con installatori e rivenditori B2B. Per partnership commerciali contattare partner@nexatech.it. Per partnership media o influencer contattare marketing@nexatech.it. I criteri di partnership vengono valutati caso per caso.,partner;rivenditore;b2b;collaborazione,bassa
Prodotti,Stampanti,Vendete stampanti?,Sì. Proponiamo stampanti per uso domestico e professionale: HP OfficeJet Pro 9015e (multifunzione inkjet da 249€) - Epson EcoTank ET-4850 (a serbatoio da 399€) - Canon PIXMA TR8620 (da 179€) - stampanti laser Brother e Lexmark da 149€ - plotter HP DesignJet per uso professionale.,stampanti;hp;epson;canon,media
Prodotti,Monitor,Vendete monitor?,Sì. Il catalogo monitor include: monitor per lavoro (Dell UltraSharp 27" 4K da 599€) - LG UltraWide 34" da 499€ - monitor gaming (ASUS ROG Swift 27" 240Hz da 699€) - Samsung Odyssey G9 ultra-wide curvo da 999€ - BenQ PD2725U per fotografi da 749€.,monitor;schermo;display;4k,media
Prodotti,Networking,Vendete router e prodotti networking?,Sì. Proponiamo: router WiFi 6 e WiFi 6E (ASUS - TP-Link - Netgear) - mesh system (Eero 6 Pro - Google Nest WiFi Pro - ASUS ZenWifi) - switch gestiti e non gestiti - access point aziendali - NAS Synology e QNAP per storage di rete.,router;networking;wifi;mesh,media
Assistenza Tecnica,Recupero Dati,Offrite servizi di recupero dati?,Sì. NexaRecovery è il servizio di recupero dati per dispositivi danneggiati o con problemi software. Il servizio include diagnostica gratuita e preventivo prima di procedere. Tasso di successo circa 80%. Costi da 79€ a 299€ in base alla complessità. Non garantito in caso di danni fisici gravi.,recupero dati;backup;nexarecovery;assistenza,media
Ordini,Spedizione Multipla,Posso dividere un ordine in più spedizioni?,È possibile scegliere indirizzi di spedizione diversi per prodotti dello stesso ordine solo per clienti Gold e Platinum NexaClub. Per tutti gli altri è necessario effettuare ordini separati. Ogni ordine ha la propria soglia per la spedizione gratuita.,spedizione multipla;indirizzo;ordine,bassa
Prodotti,Hard Disk e Storage,Vendete hard disk e SSD?,Sì. Proponiamo: SSD interni NVMe (Samsung 970 EVO - WD Black SN850X) da 89€ - SSD SATA da 59€ - Hard disk esterni portatili (WD My Passport - Seagate Backup Plus) da 59€ - NAS Synology DS223 da 299€ - chiavette USB da 9€ - schede SD da 14€.,storage;ssd;hard disk;memoria,media
Pagamenti,Finanziamento,Offrite finanziamenti a lungo termine?,Sì. Tramite Klarna Financing e Findomestic è possibile rateizzare acquisti da 299€ in su in 12 - 24 o 36 mesi. Il TAEG varia in base al profilo creditizio (indicativo: 9.99% - 14.99%). La richiesta avviene online durante il checkout con risposta immediata.,finanziamento;rate;klarna;long term,media
Assistenza Tecnica,Aggiornamenti Software,Come aggiorno il software del mio dispositivo?,Per iPhone: Impostazioni > Generali > Aggiornamento Software. Per Android: Impostazioni > Info sul telefono > Aggiornamenti di sistema. Per Windows: Start > Impostazioni > Windows Update. Per Mac: menu Apple > Preferenze di Sistema > Aggiornamento Software. Consigliamo sempre di fare un backup prima di aggiornare.,aggiornamento;software;update;sistema operativo,media
Prodotti,Proiettori,Vendete proiettori?,Sì. Il catalogo proiettori include: proiettori portatili (Anker Nebula Capsule 3 da 379€ - LG CineBeam da 599€) - proiettori home cinema (Epson EH-TW7000 4K da 1.299€) - proiettori business (Epson EB-W51 da 499€). Disponibili anche schermi di proiezione.,proiettori;home cinema;anker;epson,bassa
Azienda,Press e Media,Come contatto l'ufficio stampa di NexaTech?,L'ufficio stampa è raggiungibile a press@nexatech.it. Per interview - comunicati stampa - partnership editoriali e media kit. I comunicati stampa vengono pubblicati anche nella sezione Newsroom del sito (nexatech.it/newsroom).,stampa;media;pr;comunicato,bassa
Prodotti,Accessori Apple,Vendete AirTag?,Sì. Apple AirTag disponibile singolo a 35€ e pack da 4 pezzi a 119€. Disponibili anche supporti e portachiavi compatibili: Apple Loop da 35€ - custodie Belkin e OtterBox da 12€ a 39€.,airtag;apple;tracker;localizzatore,media
Prodotti,Tastiere e Mouse,Vendete periferiche per computer?,Sì. Proponiamo: tastiere wireless (Logitech MX Keys - Apple Magic Keyboard) - mouse (Logitech MX Master 3 - Apple Magic Mouse) - trackpad - webcam (Logitech C920 da 79€ - Logitech Brio 4K da 199€) - hub USB-C e docking station - cavi e adattatori.,periferiche;tastiera;mouse;logitech,media
Ordini,Priorità,Esiste un servizio di consegna prioritaria per regali last minute?,Sì. Il servizio NexaUrgent garantisce la consegna entro 4 ore per alcune zone di Milano (centro e aree limitrofe) attivo dal lunedì al sabato 9-20. Disponibile su selezione di prodotti contrassegnati dall'icona "Urgente". Costo: 14.99€. Contatta la chat per verificare disponibilità.,urgente;consegna rapida;4 ore;regalo,media
Prodotti,Cavi e Adattatori,Vendete cavi USB-C e Lightning?,Sì. Proponiamo cavi certificati MFi per Apple (Lightning - USB-C) e cavi USB-C generici di Anker - Belkin e Baseus. Disponibili in lunghezze 1m - 2m e 3m. Prezzi da 9€ a 39€ per cavi ad alta velocità USB 4 / Thunderbolt 4. Adattatori da USB-A a USB-C da 9€.,cavi;usb-c;lightning;adattatori,media
Prodotti,Drone,Vendete droni?,Sì. Il catalogo droni include: DJI Mini 4 Pro da 759€ - DJI Air 3 da 1.099€ - DJI Mavic 3 Classic da 1.599€ - DJI FPV da 999€ - droni per bambini Ryze Tello da 99€. Ricordati che per volare in Italia con droni sopra 250g è necessario il patentino ENAC.,drone;dji;fotografia aerea;volo,media
Assistenza Tecnica,Furto,Cosa faccio se mi rubano uno smartphone acquistato da NexaTech?,Contatta immediatamente il tuo operatore per bloccare la SIM. Sporgi denuncia in commissariato. Se hai NexaProtect Premium puoi avviare pratica rimborso furto allegando copia della denuncia. Per iPhone usa "Dov'è" per localizzarlo e attivare la modalità smarrito.,furto;smarrimento;blocco;nexaprotect,alta
Pagamenti,Carta Regalo,Le gift card hanno una scadenza?,Le gift card NexaTech hanno validità di 24 mesi dalla data di acquisto. Non è possibile ottenere il rimborso in denaro per il credito non utilizzato. Il saldo residuo è sempre consultabile nell'area personale del tuo account o chiamando il servizio clienti.,gift card;scadenza;credito;rimborso,media
Prodotti,Stampa 3D,Vendete stampanti 3D?,Sì. Proponiamo stampanti 3D per hobbisti e professionisti: Bambu Lab P1S da 799€ - Creality Ender 3 V3 da 299€ - Prusa MK4 da 1.099€ - Formlabs Form 3 (resina) da 3.499€. Disponibili anche filamenti PLA - PETG - ABS e resine fotopolimerizzanti.,stampante 3d;bambu;creality;hobbista,bassa
Spedizioni,Isole e Zone Remote,Spedite nelle isole italiane?,Sì ma con alcune differenze: Sardegna e Sicilia - spedizione standard da 4.99€ con tempi 4-7 giorni lavorativi. Isole minori (Eolie - Egadi - Lampedusa ecc.) - spedizione da 9.99€ con tempi 5-10 giorni lavorativi. Express non disponibile per le isole minori.,isole;sardegna;sicilia;spedizione,media
Ordini,Ordini Regalo,Posso nascondere il prezzo nella confezione?,Sì. Selezionando l'opzione "È un regalo" durante il checkout il documento di trasporto non includerà i prezzi dei prodotti. La fattura (con prezzi) viene inviata solo via email all'acquirente e non inserita nella confezione.,regalo;prezzo nascosto;gift,media
Garanzia,Batteria,La batteria è coperta da garanzia?,Sì. Il degrado naturale della batteria non è coperto da garanzia legale. Tuttavia se la capacità scende sotto l'80% entro 12 mesi da un utilizzo normale NexaTech valuta il caso. Con NexaProtect Premium la sostituzione batteria è inclusa nel secondo e terzo anno. Per iPhone AppleCare+ copre la batteria se sotto l'80%.,batteria;garanzia;sostituzione;usura,alta
Prodotti,Televisori,Vendete televisori?,Sì. Il catalogo TV include: Samsung QLED e OLED (da 55" a 98") - LG OLED evo C3 e G3 - Sony Bravia XR OLED e LED - Philips Ambilight - Hisense ULED. Prezzi da 299€ per 43" LED a 4.999€ per 77" OLED premium. Servizio di montaggio a parete disponibile da 79€.,televisori;tv;samsung;lg;sony,alta
Prodotti,Televisori,Fate montaggio TV a parete?,Sì. Il servizio NexaInstall include montaggio TV a parete con supporto fisso o orientabile: 79€ fino a 55" - 99€ da 55" a 75" - 119€ oltre 75". Include supporto a parete - passaggio cavi e smaltimento imballo. Disponibile a Milano - Roma - Torino - Bologna - Firenze.,installazione;montaggio tv;parete;nexainstall,media
Promozioni,Cashback,Offrite cashback?,Sì. In periodi promozionali specifici NexaTech attiva campagne cashback su categorie selezionate: acquista il prodotto - registra lo scontrino tramite app - ricevi il rimborso in punti NexaClub entro 30 giorni. Le campagne attive sono visibili nella sezione "Offerte" del sito.,cashback;rimborso;promozione;punti,media
Account,Sicurezza Account,Come proteggo il mio account NexaTech?,Consigliamo: attivare l'autenticazione a due fattori (2FA) dall'area personale in Impostazioni > Sicurezza - usare una password complessa e unica - non condividere le credenziali. NexaTech non chiederà mai password via email o telefono.,sicurezza account;2fa;autenticazione;password,alta
Prodotti,Climatizzatori,Vendete climatizzatori?,Sì. La sezione Clima & Ambiente include: climatizzatori portatili (De'Longhi - Olimpia Splendid) da 299€ - split fissi monosplit (Mitsubishi - Daikin - Samsung WindFree) da 799€ incluso installazione entro Milano e comuni limitrofi. Purificatori d'aria Dyson e Xiaomi da 99€.,climatizzatori;condizionatori;clima;dyson,media
Assistenza Tecnica,Assistenza Domiciliare,Offrite assistenza a domicilio?,Sì. Il servizio NexaHome porta un tecnico direttamente a casa tua per: configurazione dispositivi - risoluzione problemi tecnici - installazione smart home - lezioni di utilizzo personalizzate. Disponibile a Milano - Roma e Torino. Costo: 49€/ora (prima ora minima).,assistenza domicilio;tecnico;nexahome;configurazione,media
Prodotti,Apple Vision Pro,Vendete Apple Vision Pro?,Sì. Apple Vision Pro è disponibile nei negozi NexaTech di Milano Via Torino e Roma Via del Corso con possibilità di prova prenotabile tramite il sito. Prezzo a partire da 3.999€ con storage 256GB. Incluso tour dimostrativo di 30 minuti con operatore specializzato.,apple vision pro;ar;vr;visore,alta
Ordini,Quantità,C'è un limite di quantità per ordine?,Per la maggior parte dei prodotti il limite è 3 unità per ordine per utente. Per prodotti in forte richiesta (nuovi iPhone - PlayStation 5 al lancio) il limite può essere ridotto a 1 unità per account. Per ordini aziendali superiori contattare business@nexatech.it.,quantità;limite;ordine;disponibilità,media
Resi e Rimborsi,Prodotti Non Restituibili,Ci sono prodotti che non posso rendere?,Sì. Non sono restituibili: software e licenze digitali attivate - contenuti digitali scaricati - prodotti personalizzati (incisioni) - prodotti sigillati aperti (cuffie auricolari per motivi igienici) - batterie esterne già utilizzate. I prodotti difettosi fanno sempre eccezione.,reso escluso;non restituibile;eccezioni,alta
Prodotti,Casse e Altoparlanti,Qual è il miglior altoparlante portatile che vendete?,Dipende dalle esigenze. Per qualità audio premium: Bose SoundLink Max a 349€ - Marshall Emberton III a 149€. Per resistenza all'acqua e avventure outdoor: JBL Xtreme 3 a 249€ - Ultimate Ears Hyperboom a 449€. Per uso quotidiano economico: Anker Soundcore 3 a 49€ - JBL Go 4 a 39€.,altoparlante;speaker;jbl;marshall;bose,media
Azienda,Certificazioni,Quali certificazioni ha NexaTech?,NexaTech è certificata: ISO 9001 (gestione qualità) - ISO 27001 (sicurezza informazioni) - B Corp in fase di certificazione. Apple Authorized Reseller - Samsung Premium Partner - Google Authorized Retailer - Sony Premium Reseller. Membro di Confindustria digitale.,certificazioni;qualità;iso;partner,bassa
Prodotti,Fotocamere Istantanee,Vendete fotocamere istantanee Polaroid e Instax?,Sì. Proponiamo: Fujifilm Instax Mini 12 da 79€ - Instax Mini 99 da 149€ - Instax Wide 400 da 139€ - Polaroid Now+ Gen 2 da 149€ - Polaroid Go da 99€. Disponibili anche pellicole (pack da 10 fogli da 11€) e accessori.,instax;polaroid;fotocamere;istantanea,bassa
Pagamenti,Problemi Rimborso,Non ho ancora ricevuto il rimborso entro i tempi indicati.,Se il rimborso non è arrivato entro i tempi previsti verifica: stato del reso nell'area personale (il rimborso parte dalla ricezione in magazzino non dalla spedizione) - estratto conto aggiornato. Se sono passati più di 10 giorni lavorativi dalla ricezione del reso contattaci a rimborsi@nexatech.it con numero ordine.,rimborso in ritardo;reso;problema;attesa,alta
Prodotti,Tastiere Meccaniche,Vendete tastiere meccaniche?,Sì. Il catalogo tastiere meccaniche include: Keychron K2 Pro (wireless - hot-swap) da 99€ - Logitech G Pro X da 129€ - Corsair K100 RGB da 249€ - Razer Huntsman Elite da 199€ - HyperX Alloy Origins da 109€. Disponibili con switch lineari - tattili e clicky.,tastiera meccanica;keychron;gaming;peripherals,media
Azienda,Orari Negozi,Quali sono gli orari dei negozi fisici?,I negozi NexaTech sono aperti: lunedì-sabato 9:30-20:00 - domenica 10:00-19:00 (per i negozi nei centri commerciali). I negozi nei centri storici (Milano Via Torino - Roma Via del Corso - Firenze) sono aperti anche il lunedì mattina. Orari speciali durante le festività pubblicati sul sito.,orari;negozi;apertura;festività,alta
Spedizioni,Packaging Sostenibile,Il packaging è eco-friendly?,Sì. Dal 2023 NexaTech utilizza: scatole in cartone riciclato certificato FSC - riempitivo in carta riciclata al posto del polistirolo - nastri adesivi riciclabili - inchiostri a base d'acqua per le stampe. Obiettivo 100% packaging plastic-free entro il 2026.,packaging;eco;sostenibilità;riciclo,bassa
Prodotti,Monitor Gaming,Quali monitor gaming avete?,Proponiamo monitor gaming da: 144Hz a 360Hz - risoluzioni da Full HD a 4K - tecnologia G-Sync e FreeSync. Top di gamma: ASUS ROG Swift OLED PG27AQDM (27" OLED 240Hz) a 899€ - LG UltraGear 27GR95QE (27" OLED 240Hz) a 749€ - Samsung Odyssey Neo G9 (49" 240Hz) a 1.299€.,monitor gaming;asus rog;lg ultragear;refresh rate,media
Resi e Rimborsi,Cambio Taglia,Posso cambiare un prodotto con una versione diversa?,Sì per alcuni accessori come cover in diverse colorazioni o taglie di wearable. Avvia il reso normalmente e inserisci un nuovo ordine per il prodotto desiderato. Non è possibile fare uno scambio diretto online ma il rimborso è rapido (PayPal entro 24h) per permetterti di riordinare subito.,cambio;sostituzione;variante;taglia,media
Prodotti,Obiettivi Fotografici,Vendete obiettivi per mirrorless?,Sì. Proponiamo obiettivi per i principali montaggi: Sony E-Mount - Canon RF - Nikon Z - Fujifilm X. Brand: Sony G Master - Tamron - Sigma Art - Samyang. Disponibili anche filtri ND e polarizzatori Kenko e NiSi. Consulenza personalizzata tramite chat con i nostri esperti di fotografia.,obiettivi;fotografia;mirrorless;sony,media
